topic_id,topic_name,description
1,Arts & Culture,"Discover the language of creativity and expression through topics on literature, visual arts, music, and cultural traditions. Deepen your understanding while learning vocabulary that brings art and culture to life."
2,Business & Entrepreneurs,Learn the key terms and phrases used in the professional world—from meetings and negotiations to startup lingo. Perfect for aspiring professionals and entrepreneurs eager to navigate international business communications.
3,Celebrity & Pop Culture,"Dive into the vibrant world of entertainment, celebrity news, and current trends. Expand your vocabulary with topics that keep you updated on pop culture and the lifestyles of famous personalities."
4,Diaries & Daily Life,"Practice everyday language through real-life narratives and personal stories. Topics include daily routines, personal reflections, and informal conversations that make learning practical and relatable."
5,Family,"Explore vocabulary and expressions centered on family relationships, from bonding with relatives to describing family dynamics. Ideal for understanding both formal terms and everyday language at home."
6,Fashion & Style,"Learn the words and phrases that describe modern trends and timeless styles. This topic covers clothing, accessories, and expressions that help you discuss fashion confidently."
7,Film Tv & Video,"Discover the language used in movies, television shows, and online videos. Improve your listening and conversational skills by engaging with content about entertainment, reviews, and film discussions."
8,Fitness & Health,"Build your vocabulary around well-being, exercise, and lifestyle health. From gym routines to healthy eating, learn useful terms that help you communicate about fitness and personal wellness."
9,Food & Dining,"Delve into the world of culinary delights with terms related to food, cooking, and dining out. Learn how to order, discuss recipes, and explore the rich vocabulary surrounding Vietnam’s food culture."
10,Gaming,"Immerse yourself in the language of digital play with vocabulary and expressions related to video games, online communities, and esports. Great for those who love interactive and modern gaming culture."
11,Learning & Educational,"Focus on language skills within academic and educational contexts. Topics include studying strategies, classroom discussions, and learning resources to support your language journey."
12,Music,"Explore vocabulary and topics around music genres, lyrics, and the art of sound. Understand how music influences language and culture while enhancing your listening skills."
13,News & Social Concern,"Stay informed with vocabulary and expressions used in current affairs and social issues. This topic helps you discuss politics, local news, and global events in a clear, conversational style."
14,Other Hobbies,"Broaden your language skills by exploring various leisure activities and personal interests. From crafts to outdoor activities, learn expressions that describe your favorite pastimes."
15,Relationships,"Enhance your understanding of interpersonal communication with topics focused on friendships, romantic relationships, and social dynamics. Perfect for learning how to express emotions and connect with others."
16,Science & Technology,Build a strong technical vocabulary with lessons on scientific discoveries and technological innovations. Ideal for discussing modern trends and academic subjects in everyday conversations.
17,Sports,"Learn the vocabulary of athletic competitions, team sports, and physical activities. From game-day commentary to fitness talk, this topic helps you engage in lively sports discussions."
18,Travel & Adventure,"Equip yourself with essential travel phrases and vocabulary for booking trips, exploring new places, and describing local experiences. Perfect for adventurers planning their next journey."
19,Youth & Student Life,"Connect with language that reflects the energy and experiences of young learners and students. Topics include campus life, student culture, and the challenges and joys of youth."
