u_id,username,email,password,name,dob,gender,date_created
1,alyssa328,evansalyssa328@example.com,gAAAAABn9NPURNJX71-XoQM6KJvBTZitCfdfvzRjIMRImA7921A8cWdu1MqLW82nDP4qzKJwX1FitGnLrRQDtchGYvIKNNxyMA==,Alyssa Evans,1982-03-05,Female,2025-02-25 01:46:39
2,ezra809,williamsezra809@mail.com,gAAAAABn9NPU6H8bmHRCvTwlC6BkLAVyNe6alH96_p_Mpo12d2SdrIIm_uDoOnzbK-K7ZSniJ0FIK4j7jr3NF5d5RTtma7VpFg==,Ezra Williams,1993-01-08,Male,2025-01-11 22:24:22
3,emma971,wilsonemma971@example.com,gAAAAABn9NPU6PvA_ndj-lSCruA7iDbR_1YnmS9l1DsGvqMzCjh0sOAcL8KJQ6usaKTm7UKVl7H-qulpp6FR9B78Ouv57Bf75w==,Emma Wilson,1985-08-04,Female,2025-03-11 00:32:43
4,daniel759,thompsondaniel759@mail.com,gAAAAABn9NPUcpkOA219JIfm8C2TOxE7TIx7-WKYCjWk27_2Aczrdj8515VFFsrcwTQ0j7SoFdtIgsUK1CVlmxxUlosIXKFGaA==,Daniel Thompson,1986-04-22,Male,2025-01-22 16:03:05
5,alyssa698,robertsalyssa698@mail.com,gAAAAABn9NPUOLP2IJZC0J6X3Ukjofv3ni-nW9nlWYeEfiYqAUdcBPF-BahtSE5agIxnIG037o3tbF7T5L2Y2XQgcsp2M4g3zA==,Alyssa Roberts,1993-08-27,Female,2025-03-08 06:58:16
6,clara816,robertsclara816@mail.com,gAAAAABn9NPU0Lif5vqIfKWD8Ae3fp2sFr_ZVG-DQF_ox0Yd5H3-ZBwZyLjWJS09vitrD1-qMUKtt966SIsZKZD45JC0VymzDw==,Clara Roberts,2004-06-25,Female,2025-01-07 17:01:24
7,joseph124,whitejoseph124@example.com,gAAAAABn9NPUEAS5CQT9S8C-WcGy6bDH0CgDli6luHLYj88Sn5R3ij6rXr_LzH_WJaM_d8-m3UoPcIk8l1SjNECtkGZkFnRCzQ==,Joseph White,1994-12-26,Male,2025-03-03 22:03:34
8,emily332,brownemily332@example.com,gAAAAABn9NPUx5uOT09BaewZMTaS8C1LDvDfAMULGXoycqq0IM_7H1eBA2hCJD97ulIn7-9h6vC9g-5x19ZbHyv9O3U4_lk42w==,Emily Brown,2000-06-23,Female,2025-03-14 06:23:15
9,caleb186,evanscaleb186@example.com,gAAAAABn9NPUF1P_AjPgFw4MXSdQOYt4-3M6f88lDp4JETGA-Whj1UpVaOR83ovv_AYdApLraTa5SLOBR0sajcEMLvBvs5Uh0A==,Caleb Evans,2002-10-11,Male,2025-04-03 12:10:27
10,isabella755,taylorisabella755@mail.com,gAAAAABn9NPUBdT7QJ-vqz5iVDSvZJlY7DtoO_oYbS1WAOosdv9o7SjqyOHIONJtX6twR1bGIFt5jaKeAOMG5GMwfMvIOowpRQ==,Isabella Taylor,1986-11-01,Female,2025-02-16 16:06:42
11,bella372,brownbella372@mail.com,gAAAAABn9NPUaAAAEttvXF3-C7nyJXGgmBbNNjVh_IzxUUT1PHVYmYGVXdWA-crRgrsdjAuriuO8AaRzqu46Kqgj8aJRmYoelA==,Bella Brown,1991-02-05,Female,2025-01-10 09:54:23
12,willow903,wilsonwillow903@example.com,gAAAAABn9NPU-RpUTlIudM5gRfAsCfHpRYrwAY_Bsslu2crgxSJ8QrEmhaRnoFXZs7GVqliXN5S3EBXOW9KiRG_EWfEgTlHfjg==,Willow Wilson,1994-04-15,Female,2025-01-21 12:27:16
13,stella990,jonesstella990@mail.com,gAAAAABn9NPUx25VwUCbXsxAYdPz3rhctGg-DRk82dorNMVQKiZJSIaL9MXyV6eXbfVmNVqcHW3fd3aKaOMHJIShz46XqcV8BA==,Stella Jones,1986-10-25,Female,2025-04-04 04:24:37
14,brooklyn730,thompsonbrooklyn730@example.com,gAAAAABn9NPUwTj_2dhD0LmJMDJNszWwNRzgErp2SS4fOdcKqEafDJ4LFvMFdqenaWDSjC4peuy-vumftuwB12oOnkz36d5uUg==,Brooklyn Thompson,1986-09-29,Female,2025-02-24 15:54:22
15,grayson612,johnsongrayson612@example.com,gAAAAABn9NPUVWxBpkQDLhVWmSqvtHATLg2IviKNkI0-YXLP_QuCoXyapNTK4jo50U4vx2et-VJQaiK6pJWJiiOT3ZKVD4HPbg==,Grayson Johnson,2000-07-04,Other,2025-01-07 02:23:48
16,sienna955,evanssienna955@example.com,gAAAAABn9NPUTtFxM4dPEeTY6k6sNvaov7qAcuTAm89YaZ6d1kYhvK_i8pHz2lAsMc_Gdnx1ew-5FTbF_JRRQ6d1ly4WTh8Dcw==,Sienna Evans,1985-05-28,Female,2025-01-27 20:16:23
17,brooklyn450,thomasbrooklyn450@mail.com,gAAAAABn9NPUpNjw2Y4Df32usssahobTBnVBVZeOit4WXvI1nbXRalsrW3WMa-eYi3v2w43PxLPjgPu59Iy4kuWi1T3bUiMRxQ==,Brooklyn Thomas,1985-11-28,Female,2025-02-20 10:57:55
18,weston860,walkerweston860@example.com,gAAAAABn9NPUcgms-0gBB66vAAqZRwYMAM_yNhnXUCL23wyPmk17AL976Yrda-4VWBhaDXtCOVF8Vpy-mES_gr2Lx0cpbU7srQ==,Weston Walker,1982-05-24,Male,2025-03-21 13:28:44
19,dylan567,walkerdylan567@mail.com,gAAAAABn9NPUMT1Eu4BB3TLJ0RfX_VjOeTYQ_zvPJ5RvivGww-mHGuaUN2XzLbqPO0e2z4utalRqUqXbWG5PV2FmwiPiINhSMA==,Dylan Walker,1996-02-07,Other,2025-03-12 11:36:57
20,sienna411,evanssienna411@mail.com,gAAAAABn9NPUO52KVYDbllUIkCR8gg1XUjDTQlQQ1Gh-j0IQ1Morjs8Vo5bg-x2PEGKL0naSK0Ao5WI5_Ai6BoCM2QNAM5Uu7Q==,Sienna Evans,1991-10-19,Female,2025-03-02 22:45:09
21,charlotte397,thompsoncharlotte397@example.com,gAAAAABn9NPU0ez3GS5ep5Gc6QFsfH3h8jcYIxT3ebiy98bWy4fn9w-Qo4zTLBpzNNRLEZDdGspAqp0gnXWzArWcpwW-xvX7dg==,Charlotte Thompson,1994-05-16,Female,2025-03-01 13:37:35
22,roman456,daviesroman456@mail.com,gAAAAABn9NPUDN149G5qJF5JlqwTEFcHTcYraA4lCsEhvsP9mlmh2fgVXmJ-C_dO7tN2YArmR5Stnxv0zSohvfdTOzr_fYdtIQ==,Roman Davies,1997-06-05,Male,2025-02-27 10:50:38
23,luca901,wilsonluca901@mail.com,gAAAAABn9NPUwVoE1G5LtDscp0G6BMjWgBkxIsczZW7EmGiw6YlU0ynph3BIJU1zEAaeSQ2GIKOXpdvVGpYwOklf8gmUpAcESQ==,Luca Wilson,1983-04-05,Other,2025-01-17 01:11:42
24,gabriel352,johnsongabriel352@mail.com,gAAAAABn9NPUsZjDsRpjAkGY_pLWpGC2DBz6DUoMXjN2DmsapKhE4CaJlMQ9_-CI6gyrCuZJ-11Y6bpDVniSoSIaLyUpypcWkA==,Gabriel Johnson,1987-01-01,Male,2025-03-04 17:56:16
25,chloe515,wilsonchloe515@example.com,gAAAAABn9NPUbSg7cbc9_IXcwhJmAEqHVwX3-TyH2kTNavl9mkxg9Z66rbssnEmJolnXPslWSgzCUlCrVygHW7Jf9cuQIEPhdg==,Chloe Wilson,2004-04-19,Other,2025-03-21 18:39:11
26,benjamin998,thomasbenjamin998@example.com,gAAAAABn9NPUbpmM1l0G3jGQfN_5zYq_vb3WMMQ5cpnT2vZv6XBIGlhH-TufyGIngmc2oFeiQqgNcHp-F1tVJ-EX_pARyUcjGg==,Benjamin Thomas,1986-06-28,Male,2025-03-14 13:22:21
27,ethan786,jonesethan786@example.com,gAAAAABn9NPU97GpoMf6L3aSwUsDgicUytp4tHiQiwKNdJc4X9iHYvMpiY2Vk4tZKANsjExt_p6fU-Kk13YKHT7YEnnKwj6_xw==,Ethan Jones,2001-07-25,Other,2025-03-02 02:34:54
28,james498,taylorjames498@example.com,gAAAAABn9NPUGQHA3Ak9iGj8h4JS7hklMt25qpZpTrRXIvA4vBkXVBaAx0gwu3F7h00SZGVS2U-Nj_bzUdpHhfxp_kf_ROvcMQ==,James Taylor,1987-06-13,Male,2025-04-07 01:20:19
29,jack154,thomasjack154@example.com,gAAAAABn9NPUib1lMNiDGd6p_721qyyLAByJ9r4pEc4tU-xoPdF8XNuFgKUK1kar5H5JWO3W_cM3oOpaxcQ_UMRtRefMUOB7hA==,Jack Thomas,1995-04-03,Other,2025-03-11 21:08:02
30,emily556,smithemily556@example.com,gAAAAABn9NPUGPzfEz20YIMkF5H96dku4EpioTGkrwZdlRDgXxZzpdbihtscEprEWQBAyaHHatwWKrhtnLLM020Xtsq4tABEUQ==,Emily Smith,1993-05-11,Female,2025-03-15 15:59:15
31,jacob726,robertsjacob726@example.com,gAAAAABn9NPU_AZvvFyhSfklRG6PqtaWDCvtu-feY2AyEIch9mxBfr-rw7jGwWbY0TAlI6PUcnIFrbP34HOl3d3j-VqtA9YLTg==,Jacob Roberts,1987-07-16,Other,2025-04-08 14:01:21
32,stella117,robinsonstella117@example.com,gAAAAABn9NPUAW7Y6Ss8fapXoK38TFn3JUJHDi76PzYKATSleLKmzPOHGRcU1WIix1tccX46OoWCOe2Xj2SW0Irxq-8p_UFs-w==,Stella Robinson,1999-10-03,Female,2025-01-23 18:58:00
33,charlotte477,whitecharlotte477@example.com,gAAAAABn9NPUaqpSB2sxOYFuAkSZLYjC4MjLJDQ_Oxry4d9dqi9M8BJsBFW2yZy_QriXu1m4LRUsNMEVr03ijw9hvj9YIzXa_g==,Charlotte White,1990-01-10,Other,2025-02-11 19:49:44
34,eva119,evanseva119@mail.com,gAAAAABn9NPUpDKnVffviG3JpgcvOa_N3_sycgGENRuEH_hWaBIDzhuXb5JZUpXX8NSPitTy34uwZFm-leynZKbnIBJyoOE9Kw==,Eva Evans,1993-12-19,Female,2025-03-24 14:08:57
35,adeline863,johnsonadeline863@example.com,gAAAAABn9NPU2-a2u7dlLfLDeWSONDPY84raz70F7gK7D7cuxkEty--vUIEgMBkQPrLyRkGG6H6iyMe7a19sXSw7CUXUNEFRuA==,Adeline Johnson,2000-07-25,Female,2025-03-26 16:27:52
36,alexander876,wilsonalexander876@mail.com,gAAAAABn9NPUVRPROkhV02nG6e9QSelJXxKq9HoowjJFnpNd6J547UXdrvOkTohhkVUB3rqsOLm-2AdmymzW_KzsN5ffWTBfRw==,Alexander Wilson,2004-01-18,Male,2025-01-08 22:43:28
37,olivia529,daviesolivia529@mail.com,gAAAAABn9NPUEe_UN8VSA2_WmJo5b00rJ-Gb9xZEPE7c4Yu9BRtiN3gqlWuDAqKgzYa7GqWkREJF_hbZ-pDxDcYp2_USF3MyYA==,Olivia Davies,1984-04-12,Female,2025-03-12 10:40:12
38,everly613,wrighteverly613@mail.com,gAAAAABn9NPUVsdd-gZAgguYvfTXM8b32YakZS6Es42AyRW6B4fSMNmhs-CNNew89hy2prYjlOqOFnW0RGTgnTeE4N0mI7HDEQ==,Everly Wright,1983-06-14,Female,2025-02-28 15:09:27
39,aurora790,wrightaurora790@example.com,gAAAAABn9NPUDs8BQaBS9I7K9it9cccR7rL1yM9QtenSqV7hmtZC9N9VluArYNvMEfipfd_eq4CgH2PaufLn0uWFCAH6srIM6A==,Aurora Wright,1982-08-07,Other,2025-02-17 22:01:02
40,jaxon876,taylorjaxon876@mail.com,gAAAAABn9NPUN8ZPtQmJrU_axHwPQNcxIfJbtzoqVby6_akQTverQtzlEd9kVYDNIx8wgcqfhPcWmggdG5Q0F2HW8t-2gy5ejw==,Jaxon Taylor,2001-11-03,Male,2025-01-21 11:58:36
41,jaxon705,robinsonjaxon705@example.com,gAAAAABn9NPUPNZ1EJi-ABgoL1pcEUv6nkP3RMiIvwa1Ro1CU0rlVrJvHzV98-Yabjp6XLTwUCvdUH72eBYotAQiiCj_lZ0wcQ==,Jaxon Robinson,1996-11-08,Male,2025-02-10 22:40:45
42,penelope200,taylorpenelope200@example.com,gAAAAABn9NPUV5tb5z_KY2CVG7xofM-fE8ZXctakneq1eGvA1DyLb5-2M3VJERDUc95xYL1Wg9TsLikscnrW6hbHE_5k7A1YqA==,Penelope Taylor,1985-09-19,Female,2025-03-08 19:53:51
43,violet477,robinsonviolet477@mail.com,gAAAAABn9NPUKtaXSf19OfY4x8Du1MVoRL4F6E74JskAk-wY7LyjlEq-fGmQjup45CDEt7Q0VlIc1zQWIWHhioGuZMmGfIQ7kw==,Violet Robinson,1983-09-03,Female,2025-01-06 23:20:39
44,chloe938,robinsonchloe938@mail.com,gAAAAABn9NPUPd4b8NXzBj47br96WNJeP494ZEtMXdn88pczWaX7RPxGTnSXaejxECbkt63KDxi_bOHORD7DglfjVoo5j7xhSw==,Chloe Robinson,1989-10-01,Female,2025-03-09 17:45:42
45,ethan837,evansethan837@example.com,gAAAAABn9NPU3TUu8-N8cs5jTxXDhXcG7YDRkc3JVybX51DwCSdei4m3IsqU9EY8xKgWNyxjr31IJSgwx0He9z_GzrEnWC2Uaw==,Ethan Evans,1991-02-16,Male,2025-01-01 06:52:10
46,jaxon631,smithjaxon631@example.com,gAAAAABn9NPUjCHkDo4wSIcRmHKW8XJ0kyHBRqUHZs6m54HDgN29RLj6j8zfGAs6xQ0kS7pBUGajw6EiCUPt1LjtkoQX_6-a8g==,Jaxon Smith,1995-11-20,Male,2025-04-04 13:25:12
47,aurora944,thompsonaurora944@example.com,gAAAAABn9NPUMLnt7oxSA2zXP6YGHXA1NRENhqkO34q3CApBgrSipwxHsCpewHy53w70qvSNj8bCZrEuSoTUqPDJhogbCj3xKA==,Aurora Thompson,1980-07-13,Female,2025-03-10 00:05:50
48,emma661,smithemma661@mail.com,gAAAAABn9NPU9_ImuH61lLwbr86aJqZwXM0bKLs-hv95I8WqfPWgngxaHMAIkyI87lt2IapEx5wDtAclSrWFSlN6_pk-imIX6A==,Emma Smith,1984-06-12,Female,2025-02-01 05:47:22
49,ella409,jonesella409@mail.com,gAAAAABn9NPUIO10o6oJsr6Wfw9gmOuZ43fkK61A8ZbQj5cVdgtMtz_6xxebAEMUBmOE4LnyXJQ8MNFi-HYalow-Vm4j91PM4A==,Ella Jones,1993-12-03,Other,2025-01-10 23:39:20
50,benjamin224,daviesbenjamin224@mail.com,gAAAAABn9NPUarg8hmmsV1ohg986XhO8N6ps4YWRfv5RnqTGXYJU1lyxsnnv4VWWZMV5HGiZLRwzrH5w-5nVdJwPA652X1-S8Q==,Benjamin Davies,1990-03-04,Male,2025-01-08 03:22:35
